Id,class_0,class_1
00eed32682bb,0.9981004,0.0018996114
010ebe33f668,0.9981004,0.0018996114
02fa521e1838,0.9981004,0.0018996114
040e15f562a2,0.9981004,0.0018996114
046e85c7cc7f,0.9981004,0.0018996114
